{
  "version": "2.0",
  "routeKey": "POST /dominionLogAnalyzer",
  "rawPath": "/dominionLogAnalyzer",
  "rawQueryString": "",
  "headers": {
    "accept": "application/json, text/plain, */*",
    "accept-encoding": "gzip, deflate, br",
    "accept-language": "en-US,en;q=0.9",
    "content-length": "10873",
    "content-type": "application/json",
    "host": "1qyb0hokg3.execute-api.us-east-2.amazonaws.com",
    "origin": "https://ryanodd.github.io",
    "referer": "https://ryanodd.github.io/",
    "sec-ch-ua": "\" Not;A Brand\";v=\"99\", \"Google Chrome\";v=\"91\", \"Chromium\";v=\"91\"",
    "sec-ch-ua-mobile": "?0",
    "sec-fetch-dest": "empty",
    "sec-fetch-mode": "cors",
    "sec-fetch-site": "cross-site",
    "user-agent": "Mozilla/5.0 (Windows NT 10.0; Win64; x64) AppleWebKit/537.36 (KHTML, like Gecko) Chrome/91.0.4472.106 Safari/537.36",
    "x-amzn-trace-id": "Root=1-60d15158-033d5fcb5771487e3f4d015a",
    "x-forwarded-for": "142.180.31.238",
    "x-forwarded-port": "443",
    "x-forwarded-proto": "https"
  },
  "requestContext": {
    "accountId": "222602983070",
    "apiId": "1qyb0hokg3",
    "domainName": "1qyb0hokg3.execute-api.us-east-2.amazonaws.com",
    "domainPrefix": "1qyb0hokg3",
    "http": {
      "method": "POST",
      "path": "/dominionLogAnalyzer",
      "protocol": "HTTP/1.1",
      "sourceIp": "142.180.31.238",
      "userAgent": "Mozilla/5.0 (Windows NT 10.0; Win64; x64) AppleWebKit/537.36 (KHTML, like Gecko) Chrome/91.0.4472.106 Safari/537.36"
    },
    "requestId": "BTmlzgpFiYcEMPg=",
    "routeKey": "POST /dominionLogAnalyzer",
    "stage": "$default",
    "time": "22/Jun/2021:02:56:24 +0000",
    "timeEpoch": 1624330584160
  },
  "body": "{\"logStr\":\"Game #56875997, unrated.\\n\\nL starts with 7 Coppers.\\nL starts with 3 Estates.\\nJ starts with 7 Coppers.\\nJ starts with 3 Estates.\\nL shuffles their deck.\\nL draws 5 cards.\\nJ shuffles their deck.\\nJ draws 4 Coppers and an Estate.\\n\\nTurn 1 - Lord Rattington\\nL plays 3 Coppers. (+$3)\\nL buys and gains a Silver.\\nL draws 5 cards.\\n\\nTurn 1 - Jazzercise\\nJ plays 4 Coppers. (+$4)\\nJ buys and gains a Militia.\\nJ draws 3 Coppers and 2 Estates.\\n\\nTurn 2 - Lord Rattington\\nL plays 4 Coppers. (+$4)\\nL buys and gains a Militia.\\nL shuffles their deck.\\nL draws 5 cards.\\n\\nTurn 2 - Jazzercise\\nJ plays 3 Coppers. (+$3)\\nJ buys and gains a Silver.\\nJ shuffles their deck.\\nJ draws 2 Coppers, a Silver, an Estate and a Militia.\\n\\nTurn 3 - Lord Rattington\\nL plays a Militia.\\nL gets +$2.\\nJ discards a Copper and an Estate.\\nL plays a Silver and 2 Coppers. (+$4)\\nL buys and gains a Gold.\\nL draws 5 cards.\\n\\nTurn 3 - Jazzercise\\nJ plays a Militia.\\nJ gets +$2.\\nL discards a card and a Copper.\\nJ plays a Silver and a Copper. (+$3)\\nJ buys and gains a Sentry.\\nJ draws 4 Coppers and an Estate.\\n\\nTurn 4 - Lord Rattington\\nL plays 3 Coppers. (+$3)\\nL buys and gains a Merchant.\\nL shuffles their deck.\\nL draws 5 cards.\\n\\nTurn 4 - Jazzercise\\nJ plays 4 Coppers. (+$4)\\nJ buys and gains a Silver.\\nJ shuffles their deck.\\nJ draws 4 Coppers and an Estate.\\n\\nTurn 5 - Lord Rattington\\nL plays a Militia.\\nL gets +$2.\\nJ discards a Copper and an Estate.\\nL plays 3 Coppers. (+$3)\\nL buys and gains a Library.\\nL draws 5 cards.\\n\\nTurn 5 - Jazzercise\\nJ plays 3 Coppers. (+$3)\\nJ buys and gains a Merchant.\\nJ draws 3 Coppers, a Silver and an Estate.\\n\\nTurn 6 - Lord Rattington\\nL plays a Silver and 2 Coppers. (+$4)\\nL buys and gains a Merchant.\\nL shuffles their deck.\\nL draws 5 cards.\\n\\nTurn 6 - Jazzercise\\nJ plays a Silver and 3 Coppers. (+$5)\\nJ buys and gains a Laboratory.\\nJ shuffles their deck.\\nJ draws a Copper, a Silver, an Estate, a Militia and a Sentry.\\n\\nTurn 7 - Lord Rattington\\nL plays a Merchant.\\nL draws a card.\\nL gets +1 Action.\\nL plays a Gold and 3 Coppers. (+$6)\\nL buys and gains a Gold.\\nL draws 5 cards.\\n\\nTurn 7 - Jazzercise\\nJ plays a Sentry.\\nJ draws a Laboratory.\\nJ gets +1 Action.\\nJ looks at a Silver and a Copper.\\nJ trashes a Copper.\\nJ topdecks a Silver.\\nJ plays a Laboratory.\\nJ draws a Copper and a Silver.\\nJ gets +1 Action.\\nJ plays a Militia.\\nJ gets +$2.\\nL discards a card and an Estate.\\nJ plays 2 Silvers and 2 Coppers. (+$6)\\nJ buys and gains a Gold.\\nJ draws 2 Coppers, 2 Estates and a Merchant.\\n\\nTurn 8 - Lord Rattington\\nL plays a Militia.\\nL gets +$2.\\nJ discards 2 Estates.\\nL plays a Copper. (+$1)\\nL buys and gains a Merchant.\\nL draws 5 cards.\\n\\nTurn 8 - Jazzercise\\nJ plays a Merchant.\\nJ draws a Copper.\\nJ gets +1 Action.\\nJ plays 3 Coppers. (+$3)\\nJ buys and gains a Merchant.\\nJ shuffles their deck.\\nJ draws 3 Coppers, an Estate and a Militia.\\n\\nTurn 9 - Lord Rattington\\nL plays a Library.\\nL shuffles their deck.\\nL draws a card.\\nL looks at a card.\\nL sets a card aside with Library.\\nL draws a card.\\nL looks at a card.\\nL sets a card aside with Library.\\nL draws 3 cards.\\nL discards 2 Merchants.\\nL plays a Gold, a Silver and 4 Coppers. (+$9)\\nL buys and gains a Province.\\nL draws 5 cards.\\n\\nTurn 9 - Jazzercise\\nJ plays a Militia.\\nJ gets +$2.\\nL discards a card and a Copper.\\nJ plays 3 Coppers. (+$3)\\nJ buys and gains a Sentry.\\nJ draws 2 Coppers, a Gold, an Estate and a Merchant.\\n\\nTurn 10 - Lord Rattington\\nL plays a Militia.\\nL gets +$2.\\nJ discards a Copper and an Estate.\\nL plays a Gold. (+$3)\\nL buys and gains a Library.\\nL shuffles their deck.\\nL draws 5 cards.\\n\\nTurn 10 - Jazzercise\\nJ plays a Merchant.\\nJ draws a Laboratory.\\nJ gets +1 Action.\\nJ plays a Laboratory.\\nJ draws a Copper and a Silver.\\nJ gets +1 Action.\\nJ plays a Silver and 2 Coppers. (+$4)\\nJ gets +$1.\\nJ plays a Gold. (+$3)\\nJ buys and gains a Province.\\nJ shuffles their deck.\\nJ draws a Copper, a Silver, an Estate, a Merchant and a Sentry.\\n\\nTurn 11 - Lord Rattington\\nL plays a Gold and 2 Coppers. (+$5)\\nL buys and gains a Laboratory.\\nL draws 5 cards.\\n\\nTurn 11 - Jazzercise\\nJ plays a Sentry.\\nJ draws an Estate.\\nJ gets +1 Action.\\nJ looks at a Silver and a Copper.\\nJ trashes a Copper.\\nJ topdecks a Silver.\\nJ plays a Merchant.\\nJ draws a Silver.\\nJ gets +1 Action.\\nJ plays a Silver and a Copper. (+$3)\\nJ gets +$1.\\nJ plays a Silver. (+$2)\\nJ buys and gains a Laboratory.\\nJ draws a Copper, an Estate, a Laboratory, a Merchant and a Militia.\\n\\nTurn 12 - Lord Rattington\\nL plays a Militia.\\nL gets +$2.\\nJ discards a Copper and an Estate.\\nL plays 4 Coppers. (+$4)\\nL buys and gains a Gold.\\nL draws 5 cards.\\n\\nTurn 12 - Jazzercise\\nJ plays a Laboratory.\\nJ draws a Gold and a Province.\\nJ gets +1 Action.\\nJ plays a Merchant.\\nJ draws a Copper.\\nJ gets +1 Action.\\nJ plays a Militia.\\nJ gets +$2.\\nL discards a card and a Silver.\\nJ plays a Gold and a Copper. (+$4)\\nJ buys and gains a Laboratory.\\nJ shuffles their deck.\\nJ draws 2 Coppers, an Estate, a Merchant and a Sentry.\\n\\nTurn 13 - Lord Rattington\\nL plays a Library.\\nL draws 2 cards.\\nL looks at a card.\\nL sets a card aside with Library.\\nL draws 3 cards.\\nL looks at a card.\\nL sets a card aside with Library.\\nL shuffles their deck.\\nL draws 2 cards.\\nL discards a Library and a Merchant.\\nL plays a Gold and 2 Coppers. (+$5)\\nL buys and gains a Laboratory.\\nL draws 5 cards.\\n\\nTurn 13 - Jazzercise\\nJ plays a Sentry.\\nJ draws a Silver.\\nJ gets +1 Action.\\nJ looks at a Province and a Gold.\\nJ discards a Province.\\nJ topdecks a Gold.\\nJ plays a Merchant.\\nJ draws a Gold.\\nJ gets +1 Action.\\nJ plays a Silver and 2 Coppers. (+$4)\\nJ gets +$1.\\nJ plays a Gold. (+$3)\\nJ buys and gains a Province.\\nJ draws a Copper, an Estate, 2 Laboratories and a Merchant.\\n\\nTurn 14 - Lord Rattington\\nL plays a Laboratory.\\nL draws 2 cards.\\nL gets +1 Action.\\nL plays a Militia.\\nL gets +$2.\\nJ discards a Copper and an Estate.\\nL plays 2 Golds, a Silver and 2 Coppers. (+$10)\\nL buys and gains a Province.\\nL draws 5 cards.\\n\\nTurn 14 - Jazzercise\\nJ plays a Laboratory.\\nJ draws an Estate and a Laboratory.\\nJ gets +1 Action.\\nJ plays a Laboratory.\\nJ draws a Militia and a Sentry.\\nJ gets +1 Action.\\nJ plays a Laboratory.\\nJ draws a Copper and a Silver.\\nJ gets +1 Action.\\nJ plays a Sentry.\\nJ draws a Copper.\\nJ gets +1 Action.\\nJ shuffles their deck.\\nJ looks at a Province and an Estate.\\nJ trashes an Estate.\\nJ discards a Province.\\nJ plays a Merchant.\\nJ draws a Sentry.\\nJ gets +1 Action.\\nJ plays a Sentry.\\nJ draws a Gold.\\nJ gets +1 Action.\\nJ looks at a Copper and a Merchant.\\nJ trashes a Copper.\\nJ topdecks a Merchant.\\nJ plays a Militia.\\nJ gets +$2.\\nL discards a card and a Copper.\\nJ plays a Silver and 2 Coppers. (+$4)\\nJ gets +$1.\\nJ plays a Gold. (+$3)\\nJ buys and gains a Province.\\nJ draws 2 Coppers, a Silver, an Estate and a Merchant.\\n\\nTurn 15 - Lord Rattington\\nL plays 2 Coppers. (+$2)\\nL buys and gains a Moat.\\nL shuffles their deck.\\nL draws 5 cards.\\n\\nTurn 15 - Jazzercise\\nJ plays a Merchant.\\nJ draws a Province.\\nJ gets +1 Action.\\nJ plays a Silver and 2 Coppers. (+$4)\\nJ gets +$1.\\nJ buys and gains a Duchy.\\nJ shuffles their deck.\\nJ draws a Copper, a Gold, 2 Provinces and a Sentry.\\n\\nTurn 16 - Lord Rattington\\nL plays a Merchant.\\nL draws a card.\\nL gets +1 Action.\\nL plays a Merchant.\\nL draws a card.\\nL gets +1 Action.\\nL plays 4 Coppers. (+$4)\\nL buys and gains a Silver.\\nL draws 5 cards.\\n\\nTurn 16 - Jazzercise\\nJ plays a Sentry.\\nJ draws a Province.\\nJ gets +1 Action.\\nJ looks at an Estate and a Laboratory.\\nJ trashes an Estate.\\nJ topdecks a Laboratory.\\nJ plays a Gold and a Copper. (+$4)\\nJ buys and gains a Merchant.\\nJ draws a Silver, a Duchy, 2 Laboratories and a Militia.\\n\\nTurn 17 - Lord Rattington\\nL plays a Library.\\nL draws a card.\\nL looks at a card.\\nL sets a card aside with Library.\\nL draws 2 cards.\\nL looks at a card.\\nL sets a card aside with Library.\\nL draws 2 cards.\\nL looks at a card.\\nL sets a card aside with Library.\\nL draws a card.\\nL looks at a card.\\nL sets a card aside with Library.\\nL draws a card.\\nL discards 2 Laboratories, a Library and a Moat.\\nL plays 2 Golds, a Silver and a Copper. (+$9)\\nL buys and gains a Province.\\nL draws 5 cards.\\n\\nTurn 17 - Jazzercise\\nJ plays a Laboratory.\\nJ draws a Silver and a Merchant.\\nJ gets +1 Action.\\nJ plays a Laboratory.\\nJ draws a Copper and a Laboratory.\\nJ gets +1 Action.\\nJ plays a Laboratory.\\nJ draws a Copper and an Estate.\\nJ gets +1 Action.\\nJ plays a Merchant.\\nJ draws a Copper.\\nJ gets +1 Action.\\nJ plays a Militia.\\nJ gets +$2.\\nL discards a card and a Copper.\\nJ plays a Silver and 3 Coppers. (+$5)\\nJ gets +$1.\\nJ plays a Silver. (+$2)\\nJ buys and gains a Province.\\nJ shuffles their deck.\\nJ draws a Copper, a Province, a Merchant, a Militia and a Sentry.\\n\\nTurn 18 - Lord Rattington\\nL plays a Militia.\\nL gets +$2.\\nJ discards a Copper and a Province.\\nL plays a Gold. (+$3)\\nL buys and gains a Duchy.\\nL shuffles their deck.\\nL draws 5 cards.\\n\\nTurn 18 - Jazzercise\\nJ plays a Sentry.\\nJ draws a Merchant.\\nJ gets +1 Action.\\nJ looks at a Province and a Silver.\\nJ discards a Province.\\nJ topdecks a Silver.\\nJ plays a Merchant.\\nJ draws a Silver.\\nJ gets +1 Action.\\nJ plays a Merchant.\\nJ draws a Province.\\nJ gets +1 Action.\\nJ plays a Militia.\\nJ gets +$2.\\nL discards a card and a Duchy.\\nJ plays a Silver. (+$2)\\nJ gets +$2.\\nJ buys and gains a Duchy.\\nJ draws a Copper, a Silver, an Estate, a Province and a Laboratory.\\n\\nTurn 19 - Lord Rattington\\nL plays a Merchant.\\nL draws a card.\\nL gets +1 Action.\\nL plays a Gold. (+$3)\\nL buys and gains an Estate.\\nL draws 5 cards.\\n\\nTurn 19 - Jazzercise\\nJ plays a Laboratory.\\nJ draws a Copper and a Gold.\\nJ gets +1 Action.\\nJ plays a Gold, a Silver and 2 Coppers. (+$7)\\nJ buys and gains a Duchy.\\nJ draws a Copper, a Duchy, a Laboratory, a Merchant and a Sentry.\\n\\nTurn 20 - Lord Rattington\\nL plays a Library.\\nL draws 3 cards.\\nL looks at a card.\\nL sets a card aside with Library.\\nL draws a card.\\nL discards a Library.\\nL plays a Silver and 2 Coppers. (+$4)\\nL buys and gains an Estate.\\nL draws 5 cards.\\n\\nTurn 20 - Jazzercise\\nJ plays a Sentry.\\nJ draws a Laboratory.\\nJ gets +1 Action.\\nJ shuffles their deck.\\nJ looks at a Province and a Copper.\\nJ trashes a Copper.\\nJ discards a Province.\\nJ plays a Laboratory.\\nJ draws a Silver and a Merchant.\\nJ gets +1 Action.\\nJ plays a Laboratory.\\nJ draws a Gold and a Duchy.\\nJ gets +1 Action.\\nJ plays a Merchant.\\nJ draws a Merchant.\\nJ gets +1 Action.\\nJ plays a Merchant.\\nJ draws a Silver.\\nJ gets +1 Action.\\nJ plays a Merchant.\\nJ draws a Copper.\\nJ gets +1 Action.\\nJ plays a Silver and 2 Coppers. (+$4)\\nJ gets +$3.\\nJ plays a Gold and a Silver. (+$5)\\nJ buys and gains a Province.\\nJ draws an Estate, a Duchy, 2 Provinces and a Sentry.\"}",
  "isBase64Encoded": false
}
